id,first_name,last_name,email,country,ip_address
1,Doris,Stewart,dstewart0@homestead.com,Japan,244.250.3.75
2,Craig,Williamson,cwilliamson1@shutterfly.com,Portugal,203.43.207.37
3,Stephen,Flores,sflores2@dedecms.com,Yemen,163.190.168.203
4,Edward,Hunter,ehunter3@gmpg.org,China,211.63.36.53
5,Diana,Moreno,dmoreno4@multiply.com,Afghanistan,31.50.112.105
6,Steve,Hunter,shunter5@mapy.cz,United States,188.186.151.250
7,Tammy,Sanchez,tsanchez6@kickstarter.com,China,29.27.52.161
8,Sarah,Payne,spayne7@wikispaces.com,China,132.148.166.98
9,Carol,Knight,cknight8@ovh.net,Poland,123.60.238.155
10,Willie,Dunn,wdunn9@nymag.com,Iran,129.89.223.231
11,Chris,Burton,cburtona@wufoo.com,Sweden,164.137.219.52
12,Norma,Cruz,ncruzb@is.gd,Russia,212.24.201.220
13,Sean,Welch,swelchc@blogspot.com,Serbia,147.5.132.121
14,Randy,Hernandez,rhernandezd@wsj.com,China,65.114.207.96
15,Jessica,Vasquez,jvasqueze@guardian.co.uk,Argentina,218.217.152.112
16,Gerald,Griffin,ggriffinf@soup.io,Sweden,235.142.166.223
17,Christina,Lewis,clewisg@time.com,Laos,165.163.2.33
18,Rose,Dean,rdeanh@eventbrite.com,Canada,146.121.191.255
19,Laura,Long,llongi@posterous.com,Central African Republic,7.33.219.193
20,Barbara,Diaz,bdiazj@ucsd.edu,China,13.60.131.252
21,Thomas,King,tkingk@nifty.com,China,198.124.221.156
22,Willie,Long,wlongl@odnoklassniki.ru,Philippines,0.137.29.153
23,Carol,Olson,colsonm@usa.gov,Brazil,160.174.117.84
24,Phyllis,Spencer,pspencern@theglobeandmail.com,Philippines,125.179.95.246
25,Donald,Hunt,dhunto@telegraph.co.uk,Indonesia,62.89.129.35
26,Louise,Mason,lmasonp@delicious.com,Japan,2.9.57.48
27,Carlos,Rivera,criveraq@over-blog.com,Canada,181.173.235.36
28,Ruth,Cook,rcookr@cam.ac.uk,Peru,67.147.38.252
29,Stephanie,Stephens,sstephenss@army.mil,United States,14.193.247.194
30,Gloria,Riley,grileyt@deviantart.com,Philippines,226.189.250.49
31,Gary,George,ggeorgeu@forbes.com,North Korea,221.113.23.86
32,Gregory,Lawrence,glawrencev@cpanel.net,Philippines,165.118.58.128
33,Robert,Sullivan,rsullivanw@ted.com,Philippines,246.173.90.170
34,Heather,Martin,hmartinx@yahoo.com,Greece,131.224.195.189
35,Gary,Stanley,gstanleyy@si.edu,Indonesia,58.214.144.92
36,Johnny,Gonzalez,jgonzalezz@a8.net,China,62.11.199.138
37,Karen,Dixon,kdixon10@shutterfly.com,China,34.122.137.224
38,Diane,Williamson,dwilliamson11@blogtalkradio.com,Mexico,155.11.49.121
39,Henry,Simmons,hsimmons12@hugedomains.com,Japan,226.211.146.193
40,Billy,Rivera,brivera13@instagram.com,Indonesia,56.42.84.77
41,Rose,Shaw,rshaw14@abc.net.au,Philippines,67.58.98.100
42,Jean,Cunningham,jcunningham15@youtu.be,Egypt,79.165.150.75
43,Justin,Diaz,jdiaz16@merriam-webster.com,Russia,233.217.91.207
44,Jessica,Fox,jfox17@geocities.jp,Micronesia,28.237.147.157
45,Nicole,Freeman,nfreeman18@ihg.com,Ukraine,28.156.158.7
46,Timothy,Sanders,tsanders19@ocn.ne.jp,China,65.241.30.164
47,Martha,Shaw,mshaw1a@a8.net,Colombia,218.152.129.70
48,Sara,Ruiz,sruiz1b@techcrunch.com,France,113.19.92.244
49,Kathleen,Nelson,knelson1c@simplemachines.org,United States,88.72.147.44
50,Keith,Richardson,krichardson1d@goo.ne.jp,China,156.96.173.176
51,Virginia,Greene,vgreene1e@rakuten.co.jp,Russia,99.56.33.122
52,Kathy,Ryan,kryan1f@netscape.com,China,193.45.63.59
53,Chris,Lawson,clawson1g@csmonitor.com,Sweden,27.12.1.74
54,Christine,Burton,cburton1h@addtoany.com,France,156.53.120.202
55,Diana,Fox,dfox1i@indiegogo.com,China,13.80.207.50
56,Ann,Torres,atorres1j@wikipedia.org,Russia,105.107.250.34
57,Diane,Williamson,dwilliamson1k@abc.net.au,China,34.239.99.70
58,Raymond,Cunningham,rcunningham1l@gizmodo.com,Russia,87.164.113.100
59,Patrick,Daniels,pdaniels1m@scribd.com,Gambia,116.82.22.250
60,Alice,Elliott,aelliott1n@artisteer.com,Canada,133.1.244.39
61,Randy,Henry,rhenry1o@edublogs.org,Nigeria,11.246.194.140
62,Richard,Cooper,rcooper1p@mozilla.com,China,151.76.237.47
63,Edward,Roberts,eroberts1q@apple.com,China,181.18.204.62
64,Virginia,Edwards,vedwards1r@abc.net.au,Sweden,236.149.160.126
65,Steven,Lee,slee1s@buzzfeed.com,Philippines,149.249.144.1
66,Steve,Fox,sfox1t@booking.com,Netherlands,251.33.108.94
67,Lisa,Hudson,lhudson1u@shop-pro.jp,Morocco,16.43.34.221
68,Larry,Kelly,lkelly1v@marketwatch.com,Colombia,3.52.134.202
69,Sarah,Pierce,spierce1w@usda.gov,Panama,51.15.104.30
70,Maria,Hansen,mhansen1x@tripadvisor.com,Brazil,10.110.60.198
71,Rebecca,Rice,rrice1y@1688.com,China,139.29.148.179
72,Theresa,Adams,tadams1z@boston.com,Angola,5.181.180.166
73,Patrick,Reynolds,preynolds20@canalblog.com,Poland,50.25.213.219
74,Alan,Wells,awells21@ezinearticles.com,Philippines,22.173.214.78
75,Arthur,Hart,ahart22@google.cn,Kosovo,243.84.167.116
76,Juan,Perez,jperez23@clickbank.net,China,81.207.122.146
77,Clarence,Carpenter,ccarpenter24@state.tx.us,Poland,219.58.203.50
78,Sara,Ruiz,sruiz25@sina.com.cn,China,228.176.163.38
79,Helen,Fields,hfields26@mlb.com,South Africa,147.220.115.225
80,Patricia,Fernandez,pfernandez27@goo.ne.jp,China,104.164.109.218
81,Jesse,Pierce,jpierce28@ox.ac.uk,Indonesia,96.242.250.73
82,Patricia,Graham,pgraham29@wired.com,Malaysia,5.200.48.9
83,Dorothy,Richards,drichards2a@mayoclinic.com,Peru,4.1.198.7
84,Joseph,Freeman,jfreeman2b@fema.gov,Brazil,23.142.76.127
85,Margaret,Howell,mhowell2c@storify.com,Sweden,48.21.217.68
86,Juan,Hicks,jhicks2d@craigslist.org,China,246.109.44.60
87,Randy,Adams,radams2e@qq.com,China,120.172.113.92
88,Ann,Lee,alee2f@usnews.com,Indonesia,178.22.211.181
89,Jeffrey,Griffin,jgriffin2g@shop-pro.jp,Indonesia,138.184.19.253
90,Bruce,Shaw,bshaw2h@soundcloud.com,Indonesia,122.91.192.92
91,Laura,Hughes,lhughes2i@skype.com,Portugal,148.226.20.61
92,Stephen,Gordon,sgordon2j@ask.com,Vietnam,92.23.190.241
93,Steven,Banks,sbanks2k@trellian.com,China,23.251.194.151
94,George,Perez,gperez2l@unc.edu,China,189.68.143.128
95,Ashley,Montgomery,amontgomery2m@free.fr,Indonesia,138.185.67.60
96,Sharon,Porter,sporter2n@nsw.gov.au,Philippines,222.21.23.131
97,Theresa,Flores,tflores2o@icq.com,Colombia,108.233.162.98
98,Mildred,Rivera,mrivera2p@vk.com,Indonesia,155.100.165.62
99,Harold,Lawson,hlawson2q@rakuten.co.jp,South Korea,110.248.108.80
100,Lisa,Lee,llee2r@psu.edu,Bangladesh,59.43.49.23
101,Ashley,Fernandez,afernandez2s@fastcompany.com,Japan,114.79.183.100
102,Joe,Ellis,jellis2t@go.com,Peru,163.24.245.181
103,Earl,Simmons,esimmons2u@mayoclinic.com,Indonesia,170.91.131.235
104,Ralph,Gonzales,rgonzales2v@google.fr,Russia,74.178.134.99
105,Heather,Palmer,hpalmer2w@ucoz.ru,Japan,24.152.129.59
106,Kenneth,Carroll,kcarroll2x@cnet.com,Israel,5.2.71.207
107,Susan,Matthews,smatthews2y@un.org,Sweden,51.101.153.2
108,Amanda,Ruiz,aruiz2z@is.gd,Philippines,95.22.161.59
109,Benjamin,Nguyen,bnguyen30@princeton.edu,Poland,179.176.83.134
110,Keith,Ryan,kryan31@huffingtonpost.com,Armenia,36.28.166.148
111,Stephanie,Lee,slee32@hostgator.com,Armenia,149.26.50.110
112,Justin,Brooks,jbrooks33@live.com,Nigeria,135.203.206.234
113,Elizabeth,Myers,emyers34@buzzfeed.com,Mexico,248.78.161.254
114,Anne,Simmons,asimmons35@nsw.gov.au,Poland,191.81.174.58
115,Mark,Foster,mfoster36@sitemeter.com,Russia,221.247.193.246
116,Annie,Reynolds,areynolds37@chron.com,Saudi Arabia,134.67.192.169
117,Eric,Stephens,estephens38@telegraph.co.uk,Portugal,31.227.82.50
118,Margaret,Wallace,mwallace39@vk.com,China,236.48.165.141
119,Kelly,Robinson,krobinson3a@stumbleupon.com,China,241.255.36.116
120,Robin,Rose,rrose3b@theatlantic.com,Indonesia,242.179.4.186
121,Sara,Wells,swells3c@bandcamp.com,Netherlands,238.21.197.92
122,Justin,Austin,jaustin3d@joomla.org,Nigeria,19.203.117.191
123,Betty,Bailey,bbailey3e@google.nl,Yemen,2.43.177.202
124,Shirley,Scott,sscott3f@home.pl,China,153.106.194.223
125,Mary,Dixon,mdixon3g@tripadvisor.com,China,253.248.67.245
126,Albert,Flores,aflores3h@shareasale.com,Indonesia,150.96.96.117
127,Mildred,Burke,mburke3i@google.nl,China,106.76.17.16
128,Norma,Green,ngreen3j@imageshack.us,Brazil,101.241.111.213
129,Joe,Franklin,jfranklin3k@ibm.com,Ukraine,125.225.12.189
130,Samuel,West,swest3l@theguardian.com,Indonesia,128.57.162.51
131,Angela,Garza,agarza3m@stanford.edu,China,139.249.95.52
132,Emily,Flores,eflores3n@businessweek.com,China,6.219.49.211
133,Raymond,Pierce,rpierce3o@google.com.au,Czech Republic,141.39.82.210
134,Louis,Garcia,lgarcia3p@phoca.cz,United States,204.238.90.119
135,Jessica,Hanson,jhanson3q@intel.com,Japan,221.202.6.248
136,Daniel,Little,dlittle3r@noaa.gov,Mauritania,138.168.123.231
137,Justin,Shaw,jshaw3s@unc.edu,South Africa,99.54.177.58
138,Maria,Rivera,mrivera3t@foxnews.com,China,105.86.242.34
139,Chris,Carr,ccarr3u@pbs.org,Portugal,96.122.45.90
140,Ruth,Payne,rpayne3v@typepad.com,Colombia,34.16.67.233
141,Annie,Stephens,astephens3w@senate.gov,Poland,143.160.196.50
142,Theresa,Freeman,tfreeman3x@ucoz.com,Tajikistan,26.30.116.8
143,Roger,Little,rlittle3y@cmu.edu,Sweden,229.237.107.16
144,Clarence,Myers,cmyers3z@webs.com,Philippines,164.119.137.149
145,Johnny,Gilbert,jgilbert40@scientificamerican.com,Ukraine,122.100.168.116
146,Ryan,Freeman,rfreeman41@si.edu,Canada,25.61.223.43
147,Denise,Mills,dmills42@ameblo.jp,Russia,186.240.179.192
148,Andrew,Dixon,adixon43@seesaa.net,China,237.25.119.1
149,Shirley,Taylor,staylor44@list-manage.com,China,96.93.38.234
150,Robert,Flores,rflores45@bigcartel.com,Ukraine,5.224.138.33
151,Carol,Lane,clane46@feedburner.com,Indonesia,48.248.245.118
152,Bruce,Rogers,brogers47@squarespace.com,China,130.4.0.27
153,Fred,Perkins,fperkins48@etsy.com,Sweden,105.35.195.170
154,Christina,White,cwhite49@gmpg.org,Brazil,215.91.68.219
155,Bruce,Wallace,bwallace4a@wufoo.com,Bosnia and Herzegovina,154.236.56.177
156,Henry,Rivera,hrivera4b@privacy.gov.au,Indonesia,175.36.211.3
157,Douglas,Sims,dsims4c@wired.com,Iran,172.45.122.111
158,Chris,Hernandez,chernandez4d@dagondesign.com,Poland,166.1.13.55
159,Lisa,Webb,lwebb4e@weather.com,Armenia,12.72.4.184
160,James,Harrison,jharrison4f@hatena.ne.jp,Russia,227.55.230.155
161,Jerry,Richardson,jrichardson4g@tmall.com,China,250.25.159.250
162,Theresa,Coleman,tcoleman4h@ihg.com,Bangladesh,63.61.90.20
163,Louise,Ramirez,lramirez4i@ocn.ne.jp,China,79.93.238.218
164,Mary,Watkins,mwatkins4j@squarespace.com,Philippines,174.221.243.206
165,Carol,Henry,chenry4k@adobe.com,Czech Republic,160.74.201.145
166,Amy,Hamilton,ahamilton4l@ucoz.com,Paraguay,97.144.14.28
167,Barbara,Morrison,bmorrison4m@jiathis.com,Indonesia,140.201.119.78
168,Rachel,Collins,rcollins4n@blinklist.com,Brazil,83.193.241.34
169,Joe,Riley,jriley4o@japanpost.jp,Thailand,146.249.61.137
170,Lori,Burns,lburns4p@vinaora.com,Sierra Leone,169.85.173.0
171,Mark,Ortiz,mortiz4q@bluehost.com,Russia,197.15.189.123
172,Jimmy,Rodriguez,jrodriguez4r@squidoo.com,Portugal,196.148.150.15
173,Rachel,Moore,rmoore4s@prweb.com,Indonesia,149.77.118.151
174,Susan,Gordon,sgordon4t@usatoday.com,Poland,17.43.122.169
175,Robert,Green,rgreen4u@people.com.cn,China,206.243.115.60
176,Phillip,Graham,pgraham4v@topsy.com,Indonesia,213.39.65.48
177,Tammy,Freeman,tfreeman4w@amazon.co.jp,Palestinian Territory,118.21.13.8
178,Scott,Gibson,sgibson4x@jimdo.com,China,1.205.147.216
179,Steve,Dean,sdean4y@wp.com,Mongolia,204.137.143.211
180,Kathleen,Hanson,khanson4z@prweb.com,Morocco,140.129.255.211
181,Helen,Burns,hburns50@arstechnica.com,Portugal,247.203.107.218
182,Frances,Stephens,fstephens51@dedecms.com,Poland,108.88.40.157
183,Kelly,Morgan,kmorgan52@miibeian.gov.cn,Russia,193.49.208.97
184,Albert,Arnold,aarnold53@blinklist.com,Colombia,55.126.184.204
185,Harold,Martinez,hmartinez54@facebook.com,Turkmenistan,215.144.116.76
186,Joyce,Robertson,jrobertson55@fda.gov,China,15.183.177.24
187,Virginia,Anderson,vanderson56@exblog.jp,Poland,169.103.27.239
188,Brian,Hamilton,bhamilton57@weather.com,Russia,45.171.17.87
189,Kelly,Graham,kgraham58@cam.ac.uk,Argentina,229.178.241.15
190,Rebecca,Barnes,rbarnes59@nytimes.com,Peru,99.37.147.46
191,Robert,Watson,rwatson5a@etsy.com,Thailand,246.128.87.216
192,Kathleen,Parker,kparker5b@ocn.ne.jp,China,141.112.149.95
193,Richard,Hicks,rhicks5c@ow.ly,Philippines,113.37.10.151
194,Cynthia,Diaz,cdiaz5d@ucoz.ru,Indonesia,102.212.142.40
195,Joyce,Hudson,jhudson5e@japanpost.jp,China,113.169.92.225
196,Anna,Griffin,agriffin5f@virginia.edu,China,59.92.33.193
197,Angela,Holmes,aholmes5g@cocolog-nifty.com,Philippines,4.96.226.239
198,Victor,Ryan,vryan5h@senate.gov,Slovenia,43.8.94.194
199,Doris,Morrison,dmorrison5i@redcross.org,China,203.39.38.110
200,Timothy,Jacobs,tjacobs5j@printfriendly.com,Philippines,196.232.83.33
201,Christine,Fox,cfox5k@photobucket.com,United States,121.192.87.117
202,Stephanie,Cruz,scruz5l@wsj.com,Serbia,147.238.35.188
203,Steve,Sanders,ssanders5m@cdc.gov,Brazil,201.32.177.60
204,Paul,Lynch,plynch5n@addthis.com,Indonesia,243.215.124.152
205,Christina,Harris,charris5o@hc360.com,China,221.27.14.160
206,Robert,Chavez,rchavez5p@quantcast.com,China,245.84.82.100
207,Brandon,Harrison,bharrison5q@blogs.com,Indonesia,127.154.47.107
208,Rebecca,Castillo,rcastillo5r@nifty.com,Burkina Faso,18.225.29.146
209,Betty,Watkins,bwatkins5s@slate.com,El Salvador,236.248.112.144
210,Harry,Arnold,harnold5t@weebly.com,Sweden,131.169.56.41
211,Christine,Evans,cevans5u@imdb.com,China,15.80.33.141
212,Jonathan,George,jgeorge5v@paginegialle.it,Peru,120.161.83.93
213,Lillian,Lane,llane5w@shutterfly.com,Tanzania,68.42.245.156
214,Carol,Green,cgreen5x@cbslocal.com,Nauru,239.101.223.16
215,Tina,Edwards,tedwards5y@soundcloud.com,China,185.171.118.114
216,Cheryl,Spencer,cspencer5z@google.nl,Poland,24.37.27.240
217,Henry,Cole,hcole60@sourceforge.net,Japan,102.107.231.223
218,Henry,Miller,hmiller61@wordpress.com,China,86.20.93.202
219,Richard,Hawkins,rhawkins62@nhs.uk,Indonesia,97.32.107.144
220,Benjamin,Carter,bcarter63@studiopress.com,Afghanistan,131.138.36.49
221,Russell,Reyes,rreyes64@jalbum.net,Portugal,107.201.43.158
222,Cheryl,Kelley,ckelley65@earthlink.net,Poland,176.103.30.4
223,Theresa,Holmes,tholmes66@nyu.edu,Brazil,196.250.252.167
224,Louis,Dunn,ldunn67@mediafire.com,Brazil,25.84.115.179
225,Willie,Porter,wporter68@omniture.com,China,117.190.51.173
226,Kathryn,Sullivan,ksullivan69@technorati.com,Indonesia,23.66.159.83
227,Billy,Campbell,bcampbell6a@eepurl.com,Vanuatu,75.190.149.165
228,Angela,Peterson,apeterson6b@house.gov,Gambia,162.155.69.32
229,Teresa,Hicks,thicks6c@printfriendly.com,Portugal,100.132.139.222
230,Tina,Bowman,tbowman6d@sciencedirect.com,Croatia,132.72.57.47
231,Rebecca,Little,rlittle6e@blogs.com,Slovenia,112.76.30.25
232,Willie,Simmons,wsimmons6f@springer.com,Indonesia,38.238.191.185
233,Shawn,Castillo,scastillo6g@si.edu,Indonesia,179.88.245.117
234,Martin,Johnston,mjohnston6h@cocolog-nifty.com,Indonesia,188.201.180.147
235,Earl,Watkins,ewatkins6i@vkontakte.ru,Afghanistan,85.55.144.231
236,Randy,Robinson,rrobinson6j@google.ca,Philippines,57.243.61.176
237,Teresa,Gordon,tgordon6k@ucla.edu,Indonesia,74.48.33.226
238,Denise,Cunningham,dcunningham6l@biblegateway.com,Philippines,146.251.212.174
239,Kathleen,Taylor,ktaylor6m@auda.org.au,Canada,254.230.10.129
240,Carl,Perry,cperry6n@noaa.gov,Indonesia,199.189.76.54
241,Stephen,Bishop,sbishop6o@gmpg.org,China,65.181.202.179
242,Brandon,Olson,bolson6p@mlb.com,France,174.99.231.106
243,Nancy,Peters,npeters6q@google.it,Peru,130.167.2.59
244,Paul,Lawrence,plawrence6r@blogs.com,Serbia,167.49.28.21
245,Denise,Peterson,dpeterson6s@zdnet.com,Indonesia,222.43.22.81
246,Melissa,Cooper,mcooper6t@samsung.com,Ecuador,201.143.95.150
247,Eric,Cunningham,ecunningham6u@printfriendly.com,Ukraine,144.73.187.62
248,Irene,Mason,imason6v@godaddy.com,Bulgaria,136.108.59.210
249,Ronald,Jacobs,rjacobs6w@bloglovin.com,Ethiopia,28.39.81.76
250,Jesse,Ward,jward6x@comsenz.com,China,170.192.130.153
251,Bonnie,Evans,bevans6y@google.com.hk,Libya,248.75.169.191
252,Ruth,Romero,rromero6z@istockphoto.com,Sweden,81.236.2.43
253,Albert,Berry,aberry70@blogtalkradio.com,China,66.165.81.103
254,Randy,Mccoy,rmccoy71@ft.com,China,19.6.166.146
255,Evelyn,West,ewest72@diigo.com,Philippines,210.88.178.2
256,Joseph,Price,jprice73@ft.com,Sierra Leone,55.62.2.143
257,Betty,Price,bprice74@baidu.com,Liberia,220.51.159.177
258,Brian,Riley,briley75@nationalgeographic.com,Uzbekistan,120.77.19.250
259,John,Carter,jcarter76@flickr.com,Belarus,223.131.239.209
260,Shirley,Hudson,shudson77@mlb.com,Canada,234.152.71.104
261,William,Watson,wwatson78@lulu.com,Guatemala,65.195.13.5
262,Billy,Cooper,bcooper79@nytimes.com,China,216.206.244.47
263,Howard,Palmer,hpalmer7a@adobe.com,China,141.140.26.96
264,Andrea,Hill,ahill7b@e-recht24.de,China,163.119.120.168
265,Jesse,Sullivan,jsullivan7c@bizjournals.com,Brazil,13.246.93.191
266,Russell,West,rwest7d@histats.com,Russia,140.105.38.181
267,Joe,Day,jday7e@intel.com,Indonesia,112.236.45.175
268,Doris,Hanson,dhanson7f@t.co,Portugal,80.53.139.19
269,Michelle,Dunn,mdunn7g@mediafire.com,Indonesia,43.51.245.110
270,Phyllis,Montgomery,pmontgomery7h@google.cn,China,173.24.6.103
271,Karen,Bowman,kbowman7i@paginegialle.it,Colombia,118.118.15.58
272,Albert,Austin,aaustin7j@google.nl,Iran,159.155.156.212
273,Brenda,Jackson,bjackson7k@statcounter.com,Ukraine,19.132.20.149
274,Robert,Carpenter,rcarpenter7l@istockphoto.com,Ireland,248.212.103.253
275,Ann,Wheeler,awheeler7m@woothemes.com,Indonesia,121.20.126.167
276,Martha,Wheeler,mwheeler7n@home.pl,Indonesia,132.128.120.89
277,Catherine,Burton,cburton7o@marketwatch.com,Indonesia,189.100.105.163
278,Joe,Hamilton,jhamilton7p@netscape.com,Colombia,148.210.41.56
279,Bruce,Garza,bgarza7q@biglobe.ne.jp,Ukraine,23.39.162.167
280,Alice,Owens,aowens7r@timesonline.co.uk,Canada,99.232.184.47
281,Carlos,Kelly,ckelly7s@last.fm,Armenia,121.58.85.237
282,David,Welch,dwelch7t@google.de,Burundi,6.56.162.35
283,Carlos,Ellis,cellis7u@miibeian.gov.cn,Indonesia,73.207.147.98
284,Bobby,Armstrong,barmstrong7v@reverbnation.com,Portugal,224.183.86.51
285,Ryan,Ray,rray7w@vkontakte.ru,Russia,71.59.127.101
286,Russell,Gibson,rgibson7x@meetup.com,Russia,100.52.203.170
287,Nicholas,Butler,nbutler7y@ft.com,Nigeria,161.154.84.71
288,Albert,Hamilton,ahamilton7z@dyndns.org,Indonesia,130.230.18.244
289,Barbara,Hudson,bhudson80@marketwatch.com,Indonesia,176.45.32.68
290,Kathryn,Bell,kbell81@toplist.cz,Gabon,235.239.196.168
291,Scott,Phillips,sphillips82@answers.com,Brazil,125.13.19.134
292,Billy,Barnes,bbarnes83@addtoany.com,Greece,165.196.69.187
293,Jack,Olson,jolson84@yahoo.co.jp,Czech Republic,132.187.104.21
294,Carl,Dixon,cdixon85@webs.com,Nigeria,5.97.203.65
295,Sara,Weaver,sweaver86@over-blog.com,Japan,171.80.18.167
296,Cynthia,Ray,cray87@opera.com,Belarus,39.148.85.247
297,Ruby,Fuller,rfuller88@washington.edu,Brazil,155.130.90.198
298,Phillip,Hudson,phudson89@who.int,China,235.107.47.125
299,Larry,Clark,lclark8a@nsw.gov.au,Sweden,141.55.246.112
300,Aaron,Dean,adean8b@about.me,Nigeria,21.129.252.68
301,Ronald,Evans,revans8c@blogger.com,Finland,66.207.189.224
302,Dennis,Lawson,dlawson8d@addtoany.com,Argentina,92.254.67.113
303,Willie,Reed,wreed8e@scribd.com,Honduras,0.93.103.231
304,Edward,Ford,eford8f@bloomberg.com,China,110.151.71.246
305,Lawrence,Howell,lhowell8g@sfgate.com,China,77.110.97.146
306,Jeremy,Hall,jhall8h@umn.edu,Brazil,92.6.212.200
307,Billy,Hansen,bhansen8i@phoca.cz,Oman,123.190.1.212
308,Rebecca,Gonzales,rgonzales8j@networkadvertising.org,Greece,38.125.12.226
309,Marie,Franklin,mfranklin8k@google.fr,China,72.185.101.48
310,Maria,Carroll,mcarroll8l@blinklist.com,Russia,252.141.209.9
311,Linda,Wilson,lwilson8m@freewebs.com,Japan,232.17.11.67
312,Jennifer,Harper,jharper8n@123-reg.co.uk,Indonesia,99.232.90.53
313,Rebecca,Collins,rcollins8o@cbsnews.com,Indonesia,20.182.81.30
314,George,Turner,gturner8p@utexas.edu,Croatia,129.217.233.23
315,Catherine,Black,cblack8q@shutterfly.com,Canada,46.240.41.21
316,Carol,Murray,cmurray8r@a8.net,China,53.212.121.132
317,Lawrence,Reynolds,lreynolds8s@thetimes.co.uk,Bulgaria,207.234.159.168
318,Diana,Flores,dflores8t@livejournal.com,Azerbaijan,43.30.58.203
319,Shirley,Perry,sperry8u@bizjournals.com,Indonesia,165.63.219.227
320,Shawn,Greene,sgreene8v@indiatimes.com,Guam,21.173.157.248
321,Margaret,Foster,mfoster8w@netvibes.com,Indonesia,144.83.118.65
322,Jennifer,Fuller,jfuller8x@barnesandnoble.com,France,192.187.76.88
323,Anne,Bennett,abennett8y@php.net,Sweden,142.179.244.183
324,Kenneth,Hansen,khansen8z@jimdo.com,Indonesia,79.68.125.93
325,Eugene,Cole,ecole90@google.com.hk,Indonesia,21.168.150.61
326,Frank,Butler,fbutler91@forbes.com,Japan,74.7.28.130
327,Carolyn,Howell,chowell92@bbc.co.uk,Portugal,138.214.8.87
328,Annie,Ford,aford93@mail.ru,Czech Republic,167.76.35.70
329,Carolyn,Sullivan,csullivan94@smh.com.au,United Kingdom,40.114.120.252
330,Todd,Ford,tford95@sogou.com,Nicaragua,72.35.133.74
331,Christina,Ortiz,cortiz96@yellowbook.com,Indonesia,102.70.52.254
332,Jane,Ferguson,jferguson97@miitbeian.gov.cn,Brazil,65.179.74.109
333,Gerald,Medina,gmedina98@phpbb.com,China,125.233.17.181
334,Henry,Rose,hrose99@multiply.com,Brazil,14.175.198.120
335,Harry,Ford,hford9a@mayoclinic.com,Poland,102.1.251.109
336,Annie,Martinez,amartinez9b@tripod.com,Thailand,26.244.244.165
337,Kenneth,Sims,ksims9c@sakura.ne.jp,Philippines,86.61.183.162
338,Mildred,Nguyen,mnguyen9d@liveinternet.ru,Macedonia,88.86.133.77
339,Larry,Henderson,lhenderson9e@ca.gov,Indonesia,30.203.63.73
340,Lisa,Alexander,lalexander9f@tumblr.com,Samoa,254.131.43.41
341,Brandon,Snyder,bsnyder9g@businesswire.com,Tanzania,26.146.220.110
342,Randy,Morales,rmorales9h@tripod.com,China,209.71.214.193
343,Janet,Cole,jcole9i@washingtonpost.com,United States,103.245.40.163
344,Arthur,Henry,ahenry9j@thetimes.co.uk,Georgia,154.62.151.1
345,Tammy,Nelson,tnelson9k@booking.com,Indonesia,99.211.105.229
346,Fred,Martin,fmartin9l@house.gov,Zimbabwe,114.23.244.65
347,Paul,Rivera,privera9m@ca.gov,China,181.143.22.59
348,Carlos,Hart,chart9n@slideshare.net,Colombia,128.128.100.21
349,Anne,Morales,amorales9o@rediff.com,Russia,138.86.3.14
350,Kevin,Lopez,klopez9p@house.gov,Venezuela,59.203.147.159
351,Carolyn,Sanchez,csanchez9q@smugmug.com,Poland,100.240.142.39
352,Patricia,Ruiz,pruiz9r@goo.gl,Portugal,181.13.13.146
353,Henry,Reid,hreid9s@cmu.edu,Serbia,198.76.49.169
354,Anna,Bryant,abryant9t@seattletimes.com,Poland,145.204.230.26
355,Shawn,Diaz,sdiaz9u@elegantthemes.com,Russia,126.65.94.160
356,Debra,West,dwest9v@time.com,Armenia,213.74.97.167
357,James,Tucker,jtucker9w@twitpic.com,Greece,157.190.144.11
358,Sarah,Ramos,sramos9x@jigsy.com,Indonesia,18.143.209.247
359,Jerry,Murray,jmurray9y@wired.com,Ukraine,183.95.121.199
360,Gregory,Russell,grussell9z@wikipedia.org,China,172.47.22.54
361,Nicole,Webb,nwebba0@statcounter.com,Sweden,166.61.101.73
362,William,Elliott,welliotta1@loc.gov,Brazil,219.179.186.246
363,Ruby,Sims,rsimsa2@reddit.com,Poland,255.60.33.2
364,Adam,Rogers,arogersa3@umn.edu,France,192.158.110.118
365,Robin,Bailey,rbaileya4@forbes.com,Denmark,106.180.215.96
366,Aaron,Martinez,amartineza5@yellowpages.com,Denmark,247.252.246.113
367,Larry,Nguyen,lnguyena6@amazon.co.jp,Indonesia,233.168.2.153
368,John,Patterson,jpattersona7@cnet.com,Russia,8.184.52.89
369,Russell,Gomez,rgomeza8@bloglovin.com,Indonesia,160.26.20.120
370,Marie,Wright,mwrighta9@xinhuanet.com,Czech Republic,252.66.19.9
371,Carlos,Banks,cbanksaa@abc.net.au,China,13.120.38.31
372,Marilyn,Henry,mhenryab@flavors.me,Slovenia,136.127.50.226
373,Jane,Schmidt,jschmidtac@jimdo.com,Argentina,171.179.14.239
374,Jennifer,Peterson,jpetersonad@unblog.fr,Laos,137.24.206.74
375,Benjamin,Martinez,bmartinezae@google.pl,Indonesia,154.52.19.76
376,Randy,Lynch,rlynchaf@techcrunch.com,Poland,183.85.197.152
377,Margaret,Dean,mdeanag@patch.com,Lithuania,23.187.59.106
378,Andrea,Banks,abanksah@house.gov,Albania,229.199.238.91
379,Susan,Russell,srussellai@wordpress.com,Russia,86.164.203.214
380,Juan,Rivera,jriveraaj@nyu.edu,Cuba,238.210.148.85
381,Russell,Mills,rmillsak@sourceforge.net,China,218.228.37.243
382,Gloria,Watkins,gwatkinsal@elpais.com,China,191.57.12.126
383,Alice,Weaver,aweaveram@kickstarter.com,Zambia,199.87.84.156
384,Catherine,Bowman,cbowmanan@washington.edu,Kazakhstan,237.39.32.142
385,Kathy,Hudson,khudsonao@jalbum.net,Russia,107.189.211.54
386,Lisa,Hudson,lhudsonap@printfriendly.com,Philippines,239.219.127.240
387,Victor,Cox,vcoxaq@icio.us,Spain,74.96.146.194
388,Lori,Riley,lrileyar@pen.io,Zimbabwe,187.152.33.95
389,Donna,Dean,ddeanas@linkedin.com,United States,84.22.184.20
390,Gary,Chavez,gchavezat@comcast.net,Colombia,130.216.249.72
391,Jean,Long,jlongau@imdb.com,Saint Helena,7.69.154.4
392,Ann,Snyder,asnyderav@macromedia.com,Vietnam,7.31.134.92
393,Robert,Simpson,rsimpsonaw@google.nl,Colombia,212.201.214.40
394,Diana,Hughes,dhughesax@ed.gov,Canada,59.23.203.72
395,Bobby,Moore,bmooreay@nydailynews.com,Russia,156.40.123.26
396,Donna,Bryant,dbryantaz@photobucket.com,Luxembourg,183.54.103.236
397,Margaret,Matthews,mmatthewsb0@blogger.com,China,41.41.221.173
398,Ernest,Brooks,ebrooksb1@samsung.com,Chile,141.19.186.114
399,Carolyn,West,cwestb2@addtoany.com,China,6.114.208.144
400,Melissa,Arnold,marnoldb3@ucoz.com,France,69.2.114.174
401,Virginia,Arnold,varnoldb4@scientificamerican.com,China,254.57.41.63
402,Diane,Edwards,dedwardsb5@slashdot.org,China,84.7.221.167
403,Nicholas,Dean,ndeanb6@php.net,Nicaragua,2.17.151.239
404,Rachel,Sanchez,rsanchezb7@prweb.com,Vietnam,223.222.224.177
405,Keith,Mills,kmillsb8@senate.gov,North Korea,92.7.130.114
406,Linda,Myers,lmyersb9@typepad.com,Portugal,227.139.84.224
407,Andrew,Stone,astoneba@narod.ru,Indonesia,217.161.163.189
408,Jacqueline,Webb,jwebbbb@noaa.gov,United States,235.123.146.9
409,Patricia,Ruiz,pruizbc@squidoo.com,Indonesia,27.152.229.31
410,Ann,Castillo,acastillobd@behance.net,Brazil,58.231.114.247
411,Fred,Sanchez,fsanchezbe@rambler.ru,China,199.241.45.203
412,Bonnie,Collins,bcollinsbf@google.de,China,142.78.119.136
413,Thomas,Lawrence,tlawrencebg@toplist.cz,Peru,168.222.64.247
414,Joe,Lewis,jlewisbh@aol.com,Poland,170.25.42.162
415,Mark,Matthews,mmatthewsbi@tmall.com,China,251.181.146.76
416,Eric,Stevens,estevensbj@studiopress.com,Colombia,172.105.72.17
417,William,Meyer,wmeyerbk@blogs.com,Poland,45.14.114.82
418,Randy,Kennedy,rkennedybl@google.nl,Indonesia,37.14.78.71
419,Melissa,Sullivan,msullivanbm@twitter.com,Brazil,76.21.215.39
420,Evelyn,Moreno,emorenobn@alibaba.com,Indonesia,56.120.20.246
421,Harry,Andrews,handrewsbo@ask.com,China,165.229.154.156
422,Frances,Cruz,fcruzbp@nbcnews.com,Reunion,35.36.21.231
423,Ruth,Ferguson,rfergusonbq@yolasite.com,United States,157.144.13.130
424,Linda,Chavez,lchavezbr@sciencedaily.com,Indonesia,5.216.28.233
425,Thomas,Nichols,tnicholsbs@tripadvisor.com,Ukraine,74.24.136.2
426,Scott,Bailey,sbaileybt@merriam-webster.com,Serbia,185.85.220.249
427,Jesse,Rodriguez,jrodriguezbu@macromedia.com,Venezuela,129.153.149.28
428,Judy,Welch,jwelchbv@sfgate.com,Yemen,99.111.118.244
429,Kelly,Ford,kfordbw@noaa.gov,Portugal,169.250.68.187
430,Jonathan,Martin,jmartinbx@state.tx.us,Czech Republic,64.112.224.122
431,Jean,Hart,jhartby@bandcamp.com,Peru,204.184.215.244
432,Deborah,Garcia,dgarciabz@nyu.edu,Sudan,95.65.31.105
433,Aaron,Woods,awoodsc0@free.fr,Madagascar,114.243.83.186
434,William,Lane,wlanec1@dmoz.org,Nicaragua,134.194.10.111
435,Kathleen,Black,kblackc2@reverbnation.com,Portugal,36.96.145.98
436,Jacqueline,Reynolds,jreynoldsc3@ucoz.ru,Indonesia,202.77.214.101
437,Amanda,Fisher,afisherc4@list-manage.com,Croatia,113.171.138.136
438,Timothy,Lopez,tlopezc5@qq.com,Portugal,118.22.5.248
439,Keith,Brown,kbrownc6@usa.gov,China,13.2.195.155
440,Andrea,Stewart,astewartc7@furl.net,Peru,120.23.36.251
441,Jason,Edwards,jedwardsc8@prweb.com,Afghanistan,167.174.29.226
442,Larry,Peters,lpetersc9@chronoengine.com,Indonesia,76.9.193.110
443,Shawn,Smith,ssmithca@economist.com,Portugal,122.168.153.55
444,Steven,Wells,swellscb@marketwatch.com,Czech Republic,152.76.19.157
445,Ralph,Johnston,rjohnstoncc@plala.or.jp,Argentina,88.95.49.185
446,Beverly,Moreno,bmorenocd@wunderground.com,China,154.104.235.247
447,Jonathan,James,jjamesce@oakley.com,Argentina,2.31.123.160
448,Janet,Weaver,jweavercf@biglobe.ne.jp,Honduras,214.211.137.107
449,Joe,Cruz,jcruzcg@theatlantic.com,China,37.128.69.153
450,Debra,Ross,drossch@dailymotion.com,Madagascar,27.29.59.215
451,Jason,Moreno,jmorenoci@csmonitor.com,Indonesia,120.68.104.91
452,Donna,Mendoza,dmendozacj@sun.com,Argentina,54.78.149.218
453,Jack,Duncan,jduncanck@yelp.com,Poland,28.54.126.49
454,Antonio,Fuller,afullercl@theglobeandmail.com,Zambia,173.50.195.106
455,Lawrence,Wagner,lwagnercm@bluehost.com,Sweden,231.191.169.41
456,Thomas,Carroll,tcarrollcn@domainmarket.com,Russia,97.252.123.84
457,Michael,Ryan,mryanco@theatlantic.com,Indonesia,164.119.182.215
458,Daniel,Sanders,dsanderscp@youtube.com,Spain,145.102.177.7
459,Amy,Stevens,astevenscq@vinaora.com,Philippines,164.209.187.36
460,Sean,Morris,smorriscr@mit.edu,Ireland,252.151.171.5
461,Heather,Nguyen,hnguyencs@zimbio.com,Indonesia,113.77.99.107
462,Tammy,Moreno,tmorenoct@lycos.com,Ghana,202.57.167.223
463,Rebecca,Morales,rmoralescu@toplist.cz,Ecuador,21.14.145.79
464,Susan,Berry,sberrycv@craigslist.org,United States,119.224.197.220
465,Martha,Collins,mcollinscw@miitbeian.gov.cn,Ireland,175.247.159.57
466,Pamela,Ellis,pelliscx@cpanel.net,Ukraine,214.40.57.247
467,Kevin,Alvarez,kalvarezcy@furl.net,China,127.4.200.87
468,Adam,Wallace,awallacecz@flavors.me,Greece,230.47.85.91
469,Jeffrey,Cooper,jcooperd0@twitter.com,Portugal,29.211.81.133
470,Janice,Howell,jhowelld1@wisc.edu,Indonesia,39.126.16.75
471,Jean,Reyes,jreyesd2@examiner.com,Indonesia,148.83.17.188
472,Scott,Kelley,skelleyd3@newsvine.com,Sweden,29.135.147.169
473,Joyce,Little,jlittled4@uol.com.br,Madagascar,109.235.113.111
474,Carol,Brooks,cbrooksd5@printfriendly.com,Moldova,246.8.97.159
475,William,Payne,wpayned6@biglobe.ne.jp,China,6.187.61.10
476,Kathy,Watson,kwatsond7@cnbc.com,Peru,163.174.242.67
477,Thomas,Wilson,twilsond8@sphinn.com,China,75.171.188.157
478,Charles,Romero,cromerod9@vkontakte.ru,Syria,37.28.82.82
479,Gloria,Kelly,gkellyda@dailymail.co.uk,Sweden,56.57.100.122
480,Cheryl,Gordon,cgordondb@booking.com,Japan,201.75.48.132
481,Carolyn,Johnston,cjohnstondc@netlog.com,Canada,64.33.6.78
482,Kenneth,Gordon,kgordondd@bigcartel.com,Philippines,190.148.44.187
483,Roy,Howard,rhowardde@independent.co.uk,Peru,28.108.35.18
484,William,Graham,wgrahamdf@google.com.hk,Peru,6.241.109.177
485,Phyllis,Taylor,ptaylordg@google.pl,Indonesia,222.63.15.60
486,Theresa,Fowler,tfowlerdh@cargocollective.com,Croatia,0.221.25.65
487,Sarah,Rice,sricedi@springer.com,Afghanistan,222.190.181.255
488,Donald,Holmes,dholmesdj@fastcompany.com,Peru,208.240.195.239
489,Bobby,Perry,bperrydk@sun.com,Serbia,87.178.15.49
490,Jeffrey,Kennedy,jkennedydl@state.tx.us,Greece,192.80.47.102
491,Jane,Matthews,jmatthewsdm@photobucket.com,United States,30.181.245.172
492,Anne,Chapman,achapmandn@google.pl,France,44.141.124.9
493,Anne,Kim,akimdo@indiatimes.com,Indonesia,180.41.169.207
494,Julia,Gonzalez,jgonzalezdp@flickr.com,France,137.128.86.119
495,Norma,Ford,nforddq@forbes.com,China,149.121.45.176
496,Gregory,Clark,gclarkdr@ehow.com,Indonesia,164.207.71.21
497,Virginia,Crawford,vcrawfordds@cbc.ca,Cameroon,224.87.164.214
498,Louise,Green,lgreendt@dailymotion.com,Russia,10.211.195.201
499,Alan,Lawrence,alawrencedu@theatlantic.com,Peru,73.45.1.127
500,Andrew,Bowman,abowmandv@examiner.com,Russia,29.18.24.108
501,Phyllis,Butler,pbutlerdw@pbs.org,Luxembourg,150.90.222.250
502,Frances,Woods,fwoodsdx@facebook.com,Turkmenistan,196.17.50.204
503,Brenda,Lopez,blopezdy@epa.gov,Thailand,84.19.178.8
504,Jeffrey,Pierce,jpiercedz@tinyurl.com,Russia,162.136.140.236
505,Angela,Bennett,abennette0@auda.org.au,Czech Republic,124.107.8.57
506,Emily,Wagner,ewagnere1@nature.com,Sweden,210.253.213.154
507,Daniel,Cooper,dcoopere2@github.io,Netherlands,89.30.207.174
508,Katherine,Riley,krileye3@prweb.com,Canada,149.60.244.143
509,Donna,Franklin,dfrankline4@yahoo.com,Russia,119.80.31.134
510,Johnny,Mendoza,jmendozae5@tiny.cc,Russia,7.100.75.125
511,Irene,Stevens,istevense6@photobucket.com,Thailand,121.180.80.64
512,Jeremy,Hicks,jhickse7@weather.com,Brazil,210.192.146.76
513,Walter,Lopez,wlopeze8@comcast.net,Philippines,89.90.74.157
514,Joan,Murray,jmurraye9@nsw.gov.au,China,245.24.153.211
515,James,Willis,jwillisea@barnesandnoble.com,Armenia,218.76.161.32
516,Ruby,Wilson,rwilsoneb@nsw.gov.au,Sri Lanka,47.170.28.188
517,Amanda,Morrison,amorrisonec@joomla.org,United States,172.251.222.216
518,John,Mills,jmillsed@pagesperso-orange.fr,Pakistan,181.17.255.187
519,Cheryl,Cooper,ccooperee@omniture.com,Indonesia,66.173.157.201
520,Annie,Hansen,ahansenef@msu.edu,Philippines,173.231.169.14
521,Ruby,Bell,rbelleg@samsung.com,Latvia,97.30.146.127
522,Andrew,Stevens,astevenseh@elpais.com,China,45.76.134.179
523,Diana,Rivera,driveraei@pcworld.com,China,118.42.102.221
524,Lisa,Wilson,lwilsonej@google.co.uk,Philippines,184.178.234.203
525,Jeremy,Bryant,jbryantek@abc.net.au,United States,54.24.215.224
526,Cynthia,Wallace,cwallaceel@qq.com,Ukraine,94.199.142.68
527,Walter,Riley,wrileyem@nydailynews.com,Portugal,171.88.110.73
528,Ruby,Owens,rowensen@flickr.com,Honduras,189.129.2.32
529,William,Moreno,wmorenoeo@etsy.com,Peru,141.162.242.55
530,Shirley,Cox,scoxep@slate.com,Argentina,72.126.171.223
531,Tina,Campbell,tcampbelleq@networkadvertising.org,Kenya,151.164.108.183
532,Evelyn,Jackson,ejacksoner@furl.net,Indonesia,21.39.249.153
533,Robin,Hall,rhalles@harvard.edu,Sweden,48.91.236.193
534,Sean,Williamson,swilliamsonet@admin.ch,Vietnam,120.2.211.122
535,Scott,Marshall,smarshalleu@dedecms.com,Mexico,8.48.213.184
536,Julie,Greene,jgreeneev@sourceforge.net,Haiti,129.78.109.45
537,Joan,Riley,jrileyew@baidu.com,Indonesia,132.54.139.171
538,Debra,Peterson,dpetersonex@princeton.edu,Indonesia,58.41.95.128
539,Johnny,Robinson,jrobinsoney@cargocollective.com,China,194.119.236.40
540,Richard,Lynch,rlynchez@dropbox.com,Bhutan,1.176.249.71
541,Helen,Perez,hperezf0@home.pl,Czech Republic,39.148.223.223
542,Helen,Sims,hsimsf1@g.co,Indonesia,212.190.162.11
543,Chris,Austin,caustinf2@sfgate.com,China,5.237.184.5
544,Martha,Sanders,msandersf3@bandcamp.com,China,96.42.53.158
545,Jeremy,Coleman,jcolemanf4@ehow.com,Iran,140.194.118.169
546,Martha,Rodriguez,mrodriguezf5@devhub.com,Russia,3.42.142.238
547,Ralph,Mendoza,rmendozaf6@hc360.com,China,231.185.251.135
548,Norma,Wright,nwrightf7@nba.com,Poland,37.206.149.178
549,Walter,Gibson,wgibsonf8@desdev.cn,North Korea,157.230.163.54
550,Joyce,Burton,jburtonf9@tamu.edu,Portugal,129.198.180.164
551,Tammy,Nelson,tnelsonfa@addthis.com,Myanmar,9.255.31.138
552,Billy,Johnson,bjohnsonfb@wiley.com,South Africa,118.66.66.163
553,Jacqueline,Garcia,jgarciafc@seattletimes.com,China,168.84.49.164
554,Jeremy,Henry,jhenryfd@tripod.com,Albania,39.136.152.226
555,Betty,Stevens,bstevensfe@dailymail.co.uk,Nigeria,177.234.112.102
556,Lisa,Johnson,ljohnsonff@go.com,Peru,62.205.56.239
557,Katherine,Alexander,kalexanderfg@epa.gov,United States,252.153.145.133
558,Scott,Black,sblackfh@blogs.com,China,101.39.24.200
559,Gary,Pierce,gpiercefi@prweb.com,Malta,122.228.13.251
560,Stephen,Hansen,shansenfj@facebook.com,Syria,11.62.5.200
561,Antonio,Ramirez,aramirezfk@ebay.com,Netherlands,111.234.73.30
562,Fred,Sullivan,fsullivanfl@kickstarter.com,Dominican Republic,150.151.221.39
563,Dorothy,Long,dlongfm@technorati.com,Brazil,168.51.98.38
564,Dorothy,Kim,dkimfn@about.me,Brazil,65.168.40.133
565,Cynthia,Gibson,cgibsonfo@gravatar.com,China,164.238.154.22
566,Kathleen,Holmes,kholmesfp@nih.gov,Malaysia,230.20.184.49
567,Earl,Garcia,egarciafq@google.fr,Vietnam,112.44.159.167
568,Robert,Mason,rmasonfr@sphinn.com,China,135.243.59.69
569,Melissa,Smith,msmithfs@hhs.gov,Indonesia,97.120.254.29
570,Kathryn,Powell,kpowellft@artisteer.com,China,132.96.197.175
571,Stephen,Fields,sfieldsfu@paginegialle.it,Peru,154.133.153.164
572,Alice,Hernandez,ahernandezfv@eventbrite.com,Serbia,62.162.4.186
573,Cheryl,Armstrong,carmstrongfw@digg.com,France,252.230.15.226
574,Evelyn,Clark,eclarkfx@photobucket.com,Ukraine,195.208.13.60
575,Margaret,Hudson,mhudsonfy@wunderground.com,Moldova,66.105.73.130
576,Ruby,Campbell,rcampbellfz@weebly.com,Russia,29.0.108.113
577,Stephen,Ferguson,sfergusong0@kickstarter.com,Bosnia and Herzegovina,193.100.11.61
578,Jeremy,Riley,jrileyg1@jimdo.com,China,109.238.242.230
579,Theresa,Clark,tclarkg2@globo.com,Colombia,91.118.155.177
580,Anne,Knight,aknightg3@booking.com,Russia,42.162.218.118
581,Tammy,Vasquez,tvasquezg4@mapy.cz,Philippines,71.181.129.194
582,Raymond,Stephens,rstephensg5@fastcompany.com,United States,131.85.235.178
583,Pamela,Myers,pmyersg6@themeforest.net,China,72.96.203.116
584,Melissa,Black,mblackg7@vistaprint.com,Albania,77.12.200.189
585,Stephanie,Diaz,sdiazg8@qq.com,Guatemala,105.235.172.188
586,Carl,Grant,cgrantg9@eepurl.com,Russia,81.44.126.224
587,John,Davis,jdavisga@sfgate.com,Sweden,252.201.239.232
588,Frances,Gilbert,fgilbertgb@webs.com,Philippines,12.104.40.5
589,Donna,Edwards,dedwardsgc@soundcloud.com,Poland,7.174.28.215
590,Angela,Rice,aricegd@china.com.cn,South Africa,61.35.111.96
591,Johnny,Austin,jaustinge@issuu.com,Iran,51.226.225.237
592,Scott,Knight,sknightgf@sourceforge.net,Sweden,147.25.45.242
593,Beverly,Wallace,bwallacegg@thetimes.co.uk,Greece,63.149.160.100
594,Raymond,Peterson,rpetersongh@storify.com,Ethiopia,13.154.237.104
595,Eugene,Johnson,ejohnsongi@naver.com,China,14.17.36.112
596,Anna,Jordan,ajordangj@home.pl,Slovenia,251.152.20.22
597,Wanda,Mendoza,wmendozagk@hhs.gov,China,199.56.24.57
598,Keith,Johnson,kjohnsongl@china.com.cn,Sweden,158.209.34.36
599,Robin,George,rgeorgegm@umn.edu,Albania,127.99.233.135
600,Bruce,Lawrence,blawrencegn@fda.gov,China,143.146.195.24
601,Beverly,Cole,bcolego@google.nl,China,32.156.180.0
602,Gloria,Rodriguez,grodriguezgp@mashable.com,China,24.126.180.54
603,David,Ramirez,dramirezgq@cocolog-nifty.com,Indonesia,78.3.30.82
604,Steve,Snyder,ssnydergr@mapy.cz,China,0.118.187.111
605,Steven,Chavez,schavezgs@forbes.com,China,22.2.119.196
606,Howard,Cole,hcolegt@sfgate.com,China,160.28.56.15
607,Terry,Bell,tbellgu@macromedia.com,Syria,151.76.137.80
608,Thomas,Brooks,tbrooksgv@unblog.fr,Indonesia,195.6.18.204
609,Janice,Marshall,jmarshallgw@themeforest.net,China,23.31.127.158
610,Todd,Ford,tfordgx@disqus.com,Portugal,118.149.29.124
611,Anne,Hanson,ahansongy@youku.com,France,241.148.24.13
612,Janice,Rogers,jrogersgz@senate.gov,United States,92.211.94.40
613,Norma,Rivera,nriverah0@mac.com,Russia,202.45.11.5
614,Bruce,Hawkins,bhawkinsh1@admin.ch,France,124.228.172.97
615,Helen,Kelly,hkellyh2@intel.com,Brazil,206.89.180.14
616,Patrick,Wood,pwoodh3@flavors.me,China,137.119.34.55
617,Linda,Stone,lstoneh4@admin.ch,Myanmar,27.188.241.77
618,Steven,Wheeler,swheelerh5@purevolume.com,Indonesia,119.248.112.132
619,Walter,Schmidt,wschmidth6@accuweather.com,China,112.51.65.185
620,Martin,Gonzales,mgonzalesh7@hugedomains.com,Thailand,171.202.43.33
621,Amanda,Mills,amillsh8@utexas.edu,Brazil,20.139.63.221
622,Heather,Little,hlittleh9@google.co.jp,China,190.66.106.168
623,Joshua,Ruiz,jruizha@theatlantic.com,China,22.212.237.69
624,Deborah,Mitchell,dmitchellhb@discuz.net,Japan,106.154.245.224
625,Judy,Coleman,jcolemanhc@macromedia.com,Bosnia and Herzegovina,250.87.168.180
626,Aaron,Kennedy,akennedyhd@chronoengine.com,Poland,245.71.222.94
627,Roger,Lee,rleehe@nymag.com,Indonesia,224.29.173.61
628,Ralph,Hall,rhallhf@telegraph.co.uk,Ethiopia,16.44.166.206
629,Lawrence,Brooks,lbrookshg@webmd.com,Brazil,203.235.160.195
630,Kathleen,Dean,kdeanhh@nhs.uk,Indonesia,188.243.28.216
631,Alan,Garrett,agarretthi@cdbaby.com,China,11.126.239.90
632,Diane,Garrett,dgarretthj@whitehouse.gov,Nigeria,236.47.138.55
633,Martin,Fields,mfieldshk@oracle.com,Serbia,92.24.171.155
634,Judy,Stone,jstonehl@taobao.com,Norway,196.127.68.231
635,Jimmy,Howell,jhowellhm@wufoo.com,United States,18.243.234.49
636,Jeremy,Thomas,jthomashn@independent.co.uk,Nigeria,5.150.68.155
637,Benjamin,Ray,brayho@geocities.jp,China,8.72.93.65
638,Donna,Bailey,dbaileyhp@goo.ne.jp,Portugal,66.190.73.32
639,Norma,Collins,ncollinshq@eepurl.com,Sweden,106.161.216.206
640,Joshua,Harvey,jharveyhr@fotki.com,Syria,212.75.86.108
641,Shirley,Day,sdayhs@earthlink.net,Indonesia,15.238.42.172
642,Robert,Rose,rroseht@nytimes.com,Sweden,215.95.55.93
643,Nicole,Owens,nowenshu@bravesites.com,Indonesia,75.240.214.51
644,Emily,Little,elittlehv@e-recht24.de,Peru,112.9.173.3
645,Russell,Oliver,roliverhw@weebly.com,Vietnam,126.241.39.149
646,James,Bell,jbellhx@sciencedirect.com,Indonesia,48.132.67.115
647,Joan,Nguyen,jnguyenhy@csmonitor.com,Indonesia,189.77.159.124
648,Howard,Webb,hwebbhz@simplemachines.org,Indonesia,8.125.57.219
649,Lillian,Gardner,lgardneri0@ustream.tv,Philippines,203.129.242.188
650,Benjamin,Martinez,bmartinezi1@latimes.com,Malaysia,104.37.77.64
651,Emily,Thomas,ethomasi2@mac.com,Philippines,235.46.26.16
652,Steven,Gilbert,sgilberti3@nifty.com,Argentina,69.135.11.126
653,Ann,Robinson,arobinsoni4@yahoo.com,Philippines,176.251.248.93
654,Kevin,Parker,kparkeri5@wsj.com,Colombia,27.12.127.95
655,Carolyn,Chapman,cchapmani6@mtv.com,Philippines,25.200.208.214
656,Louis,Miller,lmilleri7@yellowbook.com,Uruguay,170.158.247.86
657,Adam,Ward,awardi8@newsvine.com,Russia,115.132.117.88
658,Christina,Pierce,cpiercei9@xing.com,Croatia,78.12.96.208
659,Julie,Owens,jowensia@so-net.ne.jp,Greece,61.206.218.197
660,Lillian,Gonzales,lgonzalesib@hibu.com,Mexico,193.196.147.125
661,Edward,Burton,eburtonic@instagram.com,Colombia,253.36.95.11
662,Melissa,Cole,mcoleid@alibaba.com,Brazil,105.148.228.144
663,Martha,Sanchez,msanchezie@bbc.co.uk,Ukraine,32.140.136.23
664,Irene,Matthews,imatthewsif@addtoany.com,China,81.205.123.1
665,Douglas,Wells,dwellsig@blog.com,Peru,112.58.28.62
666,Kathleen,Cook,kcookih@histats.com,Sweden,30.161.40.160
667,Richard,Griffin,rgriffinii@bbc.co.uk,Japan,67.102.215.129
668,Edward,Holmes,eholmesij@google.com.hk,United States,24.240.59.51
669,Janet,Murphy,jmurphyik@aboutads.info,Chile,81.245.214.27
670,Lois,Romero,lromeroil@psu.edu,United States,230.153.166.111
671,Irene,Murphy,imurphyim@spotify.com,Philippines,36.46.23.254
672,Rebecca,Cooper,rcooperin@hc360.com,Indonesia,180.191.137.167
673,Sharon,Allen,sallenio@latimes.com,Macedonia,79.151.54.88
674,Annie,Nguyen,anguyenip@flavors.me,Russia,46.166.218.195
675,Sharon,Howard,showardiq@jugem.jp,Colombia,3.89.239.3
676,James,Nguyen,jnguyenir@virginia.edu,Russia,212.153.191.31
677,Clarence,Wells,cwellsis@mapy.cz,France,148.120.9.114
678,Wayne,Burke,wburkeit@unicef.org,Indonesia,192.42.233.99
679,Paul,James,pjamesiu@barnesandnoble.com,Nigeria,191.29.99.14
680,Ryan,Ramirez,rramireziv@ftc.gov,Indonesia,31.176.7.188
681,Alan,Rogers,arogersiw@list-manage.com,Indonesia,65.185.248.238
682,Sarah,Warren,swarrenix@example.com,Indonesia,151.72.170.210
683,Christina,Weaver,cweaveriy@earthlink.net,China,46.233.6.11
684,Alice,Roberts,arobertsiz@jugem.jp,Indonesia,116.206.249.101
685,Bonnie,Webb,bwebbj0@tiny.cc,Portugal,15.193.173.77
686,Todd,Carter,tcarterj1@unicef.org,Argentina,190.40.127.245
687,Walter,Torres,wtorresj2@timesonline.co.uk,China,42.97.116.231
688,Amanda,Gordon,agordonj3@cbsnews.com,Indonesia,90.21.223.154
689,Shawn,Jones,sjonesj4@fotki.com,Brazil,233.30.176.198
690,Thomas,Wright,twrightj5@msu.edu,United States,254.88.189.51
691,Billy,Clark,bclarkj6@biglobe.ne.jp,China,157.156.167.93
692,Sharon,Campbell,scampbellj7@bbb.org,Mexico,158.130.164.69
693,Joan,Moore,jmoorej8@is.gd,Indonesia,231.50.143.39
694,Harry,Payne,hpaynej9@senate.gov,China,213.8.147.182
695,Thomas,Burke,tburkeja@ask.com,Pakistan,206.155.31.29
696,Fred,Moore,fmoorejb@adobe.com,China,46.91.199.234
697,Anne,King,akingjc@businessinsider.com,Indonesia,36.106.87.195
698,Carol,Rice,cricejd@is.gd,Sweden,209.146.128.195
699,Aaron,Simmons,asimmonsje@homestead.com,Azerbaijan,140.28.26.200
700,Ann,Riley,arileyjf@imageshack.us,Indonesia,53.184.8.122
701,Doris,Bowman,dbowmanjg@aboutads.info,Russia,186.31.172.113
702,Michael,Richards,mrichardsjh@tinypic.com,China,155.249.30.109
703,Sandra,Lawson,slawsonji@instagram.com,Pakistan,10.45.154.173
704,Melissa,Myers,mmyersjj@prweb.com,China,156.249.141.194
705,Judith,Thompson,jthompsonjk@mayoclinic.com,France,44.248.101.109
706,Margaret,Garza,mgarzajl@whitehouse.gov,Namibia,32.108.20.226
707,Jeremy,Perkins,jperkinsjm@jigsy.com,Philippines,175.97.43.119
708,Tammy,Wells,twellsjn@ocn.ne.jp,Czech Republic,180.58.232.133
709,Marilyn,Lopez,mlopezjo@bluehost.com,China,112.214.164.134
710,Norma,Spencer,nspencerjp@stumbleupon.com,Portugal,224.17.53.113
711,Karen,Stewart,kstewartjq@canalblog.com,Philippines,77.183.123.200
712,Virginia,Ramirez,vramirezjr@nytimes.com,Sweden,224.53.248.17
713,James,West,jwestjs@printfriendly.com,Poland,159.148.229.65
714,Marie,Dixon,mdixonjt@list-manage.com,Ghana,27.3.194.109
715,George,Turner,gturnerju@nsw.gov.au,Sweden,239.95.173.139
716,John,Burns,jburnsjv@fastcompany.com,China,13.99.63.158
717,Rachel,Morris,rmorrisjw@yellowbook.com,Indonesia,91.131.87.62
718,Clarence,Freeman,cfreemanjx@free.fr,Philippines,174.184.162.53
719,Rebecca,West,rwestjy@japanpost.jp,Russia,196.55.120.152
720,Cynthia,Jackson,cjacksonjz@elegantthemes.com,France,35.232.176.129
721,Jerry,Alvarez,jalvarezk0@arstechnica.com,Japan,36.138.170.215
722,Evelyn,Fields,efieldsk1@behance.net,Philippines,113.188.225.230
723,Harry,Shaw,hshawk2@go.com,Philippines,34.195.59.2
724,Michael,Lawson,mlawsonk3@tamu.edu,Indonesia,72.49.30.230
725,Phillip,Jenkins,pjenkinsk4@moonfruit.com,Russia,44.120.194.194
726,Donald,Myers,dmyersk5@usnews.com,France,234.221.176.107
727,Jack,Carr,jcarrk6@state.gov,Ukraine,228.1.151.144
728,Rachel,Spencer,rspencerk7@reuters.com,Finland,145.24.146.154
729,Ronald,Parker,rparkerk8@sciencedaily.com,Portugal,51.48.95.202
730,Helen,Hamilton,hhamiltonk9@hud.gov,Bangladesh,192.209.18.206
731,Jessica,Lopez,jlopezka@discuz.net,Mongolia,37.145.54.5
732,Theresa,Welch,twelchkb@nps.gov,Mexico,240.38.102.179
733,Jimmy,Moreno,jmorenokc@merriam-webster.com,Mongolia,187.238.179.146
734,John,Rose,jrosekd@cnet.com,China,40.215.227.98
735,Stephen,Rogers,srogerske@latimes.com,Russia,48.187.72.170
736,Philip,Stephens,pstephenskf@rediff.com,Indonesia,250.15.244.165
737,Sean,West,swestkg@w3.org,Ukraine,49.94.1.230
738,Andrea,Cruz,acruzkh@istockphoto.com,Poland,128.252.40.198
739,Arthur,Wallace,awallaceki@i2i.jp,France,17.98.225.143
740,Craig,Burke,cburkekj@nationalgeographic.com,Brazil,166.202.59.0
741,Eugene,Bowman,ebowmankk@craigslist.org,Russia,63.220.221.67
742,Karen,Lewis,klewiskl@mlb.com,Malaysia,71.142.30.86
743,William,Nichols,wnicholskm@auda.org.au,France,215.140.22.12
744,Jerry,Austin,jaustinkn@berkeley.edu,China,91.23.91.89
745,Donald,Graham,dgrahamko@sfgate.com,China,156.244.223.209
746,Stephanie,Washington,swashingtonkp@irs.gov,Indonesia,99.177.218.148
747,Janice,Thomas,jthomaskq@yale.edu,Russia,192.203.207.14
748,Phillip,Hernandez,phernandezkr@foxnews.com,China,32.89.20.7
749,Larry,Watson,lwatsonks@ihg.com,Indonesia,238.94.85.142
750,Karen,Diaz,kdiazkt@google.es,United Kingdom,89.147.142.128
751,Donald,Romero,dromeroku@google.fr,Iraq,130.51.148.72
752,Amanda,Hall,ahallkv@prweb.com,Poland,158.82.147.66
753,Deborah,Jenkins,djenkinskw@yahoo.co.jp,Turkmenistan,184.138.178.43
754,Peter,Burke,pburkekx@blog.com,Indonesia,46.119.159.148
755,Terry,Payne,tpayneky@ucoz.com,China,157.157.28.205
756,Dennis,Daniels,ddanielskz@exblog.jp,Russia,99.41.172.155
757,Susan,Jordan,sjordanl0@europa.eu,United States,96.202.135.140
758,Sean,Garcia,sgarcial1@who.int,Sweden,50.86.35.142
759,Philip,Morgan,pmorganl2@jalbum.net,Brazil,21.126.123.224
760,Ruth,Johnson,rjohnsonl3@quantcast.com,Bosnia and Herzegovina,155.159.50.126
761,Stephen,Olson,solsonl4@columbia.edu,Indonesia,33.9.223.17
762,Justin,Weaver,jweaverl5@slideshare.net,Portugal,200.153.125.194
763,Dennis,Collins,dcollinsl6@prnewswire.com,Russia,214.44.228.235
764,Alan,Bell,abelll7@salon.com,France,118.148.130.45
765,Jonathan,Harvey,jharveyl8@myspace.com,Slovenia,235.199.63.49
766,Edward,Little,elittlel9@addthis.com,China,42.70.249.229
767,Diana,Payne,dpaynela@cam.ac.uk,Russia,68.136.130.25
768,Kevin,Hamilton,khamiltonlb@wikimedia.org,Guatemala,102.116.209.248
769,Jeremy,Burke,jburkelc@bloglines.com,China,236.173.76.110
770,Alan,Harrison,aharrisonld@dot.gov,Philippines,252.214.156.94
771,Louis,West,lwestle@un.org,Morocco,106.124.191.22
772,Lori,Greene,lgreenelf@bbb.org,Philippines,253.112.245.181
773,Shirley,Hart,shartlg@wisc.edu,Poland,64.72.176.185
774,Jeremy,Gomez,jgomezlh@blogger.com,Thailand,1.228.78.229
775,Chris,Brown,cbrownli@uol.com.br,Indonesia,81.200.82.150
776,Martha,Watson,mwatsonlj@indiegogo.com,Nigeria,16.230.12.166
777,Walter,Garrett,wgarrettlk@msu.edu,Indonesia,19.176.29.11
778,Jack,Andrews,jandrewsll@webmd.com,Syria,185.158.254.76
779,Eugene,Long,elonglm@mozilla.com,Indonesia,216.27.123.183
780,Emily,White,ewhiteln@state.gov,Japan,223.56.11.180
781,Ronald,Little,rlittlelo@theatlantic.com,Yemen,244.80.109.71
782,Chris,Price,cpricelp@bloomberg.com,South Korea,119.77.168.154
783,Victor,Rogers,vrogerslq@paginegialle.it,Philippines,48.196.24.1
784,Kenneth,Carroll,kcarrolllr@ihg.com,China,148.72.34.189
785,Andrea,Stevens,astevensls@4shared.com,Brazil,89.63.156.236
786,Irene,Perez,iperezlt@ning.com,Philippines,61.201.233.154
787,Stephanie,Gray,sgraylu@fastcompany.com,China,163.19.188.210
788,Larry,Hill,lhilllv@mashable.com,Indonesia,213.166.170.151
789,Charles,Diaz,cdiazlw@joomla.org,Belarus,244.126.145.175
790,Christine,Carroll,ccarrolllx@livejournal.com,Indonesia,39.230.206.145
791,Cheryl,Griffin,cgriffinly@cdc.gov,Philippines,162.253.157.176
792,Jerry,Hansen,jhansenlz@nydailynews.com,China,230.231.36.255
793,Donald,Ramirez,dramirezm0@instagram.com,Indonesia,115.8.214.58
794,Catherine,Carr,ccarrm1@google.nl,Sudan,60.192.217.161
795,Amanda,Weaver,aweaverm2@google.it,Thailand,219.83.72.26
796,Sandra,Welch,swelchm3@mysql.com,China,209.210.92.6
797,Donna,Hayes,dhayesm4@discuz.net,Poland,251.163.170.189
798,Jason,Fuller,jfullerm5@w3.org,North Korea,192.221.116.38
799,Lillian,Porter,lporterm6@acquirethisname.com,Australia,242.199.193.130
800,John,Ellis,jellism7@oracle.com,Brazil,232.159.224.93
801,Margaret,Rogers,mrogersm8@sakura.ne.jp,Indonesia,40.25.109.141
802,Patrick,Chapman,pchapmanm9@amazon.co.jp,Luxembourg,81.91.200.212
803,Craig,Gray,cgrayma@narod.ru,Nigeria,11.208.79.120
804,Norma,Medina,nmedinamb@sun.com,Niger,18.186.162.228
805,Julie,Perkins,jperkinsmc@technorati.com,Thailand,158.255.249.115
806,William,George,wgeorgemd@seesaa.net,Bangladesh,55.207.147.194
807,Craig,Flores,cfloresme@1und1.de,Ukraine,51.30.215.79
808,Roy,Mitchell,rmitchellmf@aboutads.info,Thailand,29.90.231.90
809,Sharon,Jordan,sjordanmg@networkadvertising.org,Australia,6.196.110.12
810,Teresa,Payne,tpaynemh@slashdot.org,Brazil,69.18.128.228
811,Russell,Martin,rmartinmi@people.com.cn,Sweden,69.125.80.110
812,Jeremy,Morrison,jmorrisonmj@studiopress.com,South Africa,185.131.189.205
813,Joseph,Jordan,jjordanmk@vinaora.com,Russia,115.185.233.243
814,Frank,Perez,fperezml@rakuten.co.jp,Sweden,98.21.113.111
815,Bruce,Sullivan,bsullivanmm@imageshack.us,Netherlands,63.47.5.130
816,Stephanie,Jackson,sjacksonmn@jalbum.net,China,186.22.54.100
817,James,Austin,jaustinmo@acquirethisname.com,Indonesia,13.137.118.181
818,Douglas,Carter,dcartermp@ifeng.com,Brazil,44.223.144.141
819,Victor,Ruiz,vruizmq@behance.net,China,193.8.38.177
820,Betty,Garza,bgarzamr@opera.com,Colombia,235.58.8.102
821,Harold,Rose,hrosems@fastcompany.com,Indonesia,114.31.78.208
822,Shirley,Wood,swoodmt@chron.com,Egypt,80.109.248.0
823,Andrea,Roberts,arobertsmu@whitehouse.gov,Philippines,114.215.65.172
824,Phyllis,Hayes,phayesmv@businessinsider.com,Indonesia,223.207.66.137
825,Jeffrey,Nichols,jnicholsmw@unblog.fr,China,12.230.99.56
826,Michael,Gray,mgraymx@dell.com,Argentina,157.243.156.117
827,Michael,Watson,mwatsonmy@clickbank.net,Russia,87.241.204.54
828,David,Lane,dlanemz@mapquest.com,Philippines,87.245.248.134
829,Frances,Thompson,fthompsonn0@ftc.gov,United States,116.91.198.62
830,Bruce,Ray,brayn1@sina.com.cn,Brazil,220.126.1.92
831,Bruce,Hamilton,bhamiltonn2@soundcloud.com,Russia,191.36.104.197
832,Richard,Watson,rwatsonn3@blogger.com,Indonesia,196.229.103.160
833,Betty,Ramos,bramosn4@opensource.org,Croatia,157.123.2.2
834,James,Miller,jmillern5@cnbc.com,Malawi,144.33.191.200
835,Sandra,Mccoy,smccoyn6@weebly.com,Philippines,244.130.84.201
836,Willie,Larson,wlarsonn7@msn.com,Philippines,119.49.229.56
837,Jessica,Mitchell,jmitchelln8@hud.gov,Russia,190.142.147.119
838,Peter,Pierce,ppiercen9@goo.ne.jp,Indonesia,83.98.207.127
839,Diane,Pierce,dpiercena@nydailynews.com,Indonesia,89.36.36.34
840,Sandra,Bennett,sbennettnb@stanford.edu,Argentina,53.136.145.76
841,Andrea,Webb,awebbnc@geocities.com,China,0.90.218.154
842,Carl,Fuller,cfullernd@sciencedirect.com,Costa Rica,64.92.215.41
843,Catherine,Jacobs,cjacobsne@yellowbook.com,Ukraine,169.37.97.17
844,Katherine,Olson,kolsonnf@bandcamp.com,Ukraine,12.10.104.68
845,Douglas,Russell,drussellng@mtv.com,Poland,231.223.171.208
846,Evelyn,Jones,ejonesnh@photobucket.com,Russia,58.58.150.226
847,Theresa,Kelly,tkellyni@privacy.gov.au,Macedonia,197.165.252.236
848,Kathryn,Bailey,kbaileynj@wikimedia.org,Indonesia,170.205.11.134
849,Julia,Flores,jfloresnk@live.com,United States,24.105.227.236
850,Billy,Baker,bbakernl@yellowbook.com,China,227.40.21.22
851,Beverly,Holmes,bholmesnm@indiatimes.com,Armenia,13.26.38.111
852,Teresa,Johnson,tjohnsonnn@ameblo.jp,Poland,26.211.128.134
853,Jacqueline,Gibson,jgibsonno@shinystat.com,Indonesia,132.5.46.129
854,Ernest,Bennett,ebennettnp@technorati.com,Dominican Republic,37.77.174.51
855,Ashley,Chapman,achapmannq@prweb.com,Greece,101.164.7.216
856,Cheryl,Morales,cmoralesnr@icio.us,Russia,171.123.199.91
857,Emily,Bryant,ebryantns@odnoklassniki.ru,Brazil,29.213.141.211
858,Ronald,Stanley,rstanleynt@gizmodo.com,Philippines,251.6.214.189
859,Carol,Reed,creednu@usatoday.com,Indonesia,110.68.86.133
860,Rose,Reid,rreidnv@blinklist.com,Albania,224.79.204.220
861,Anthony,Wallace,awallacenw@instagram.com,Philippines,150.42.207.167
862,Ralph,Thompson,rthompsonnx@acquirethisname.com,Paraguay,60.82.235.194
863,Tammy,Gonzalez,tgonzalezny@statcounter.com,Russia,87.10.150.228
864,Brenda,Nguyen,bnguyennz@typepad.com,Indonesia,8.70.128.142
865,Jesse,Crawford,jcrawfordo0@123-reg.co.uk,China,11.187.115.50
866,Keith,Bryant,kbryanto1@goo.gl,Tanzania,161.209.152.177
867,Stephanie,Richards,srichardso2@techcrunch.com,Armenia,2.208.149.97
868,Arthur,Cooper,acoopero3@wufoo.com,Brazil,140.248.186.104
869,Billy,Garrett,bgarretto4@dropbox.com,Colombia,12.209.6.246
870,Donald,Wright,dwrighto5@shareasale.com,China,135.203.144.206
871,Kevin,Harvey,kharveyo6@washington.edu,Ecuador,36.71.35.38
872,Russell,Kennedy,rkennedyo7@rediff.com,Sweden,162.172.76.36
873,John,Hart,jharto8@sina.com.cn,Serbia,213.229.97.247
874,Roger,Butler,rbutlero9@uol.com.br,Indonesia,25.123.137.63
875,Patricia,Greene,pgreeneoa@slideshare.net,Brazil,185.65.94.94
876,Howard,Simpson,hsimpsonob@utexas.edu,Philippines,152.0.135.193
877,Michael,Hansen,mhansenoc@phpbb.com,Vanuatu,34.11.144.184
878,Judy,Griffin,jgriffinod@seattletimes.com,Philippines,85.34.244.82
879,Martin,Russell,mrusselloe@addthis.com,China,78.53.218.82
880,Kathryn,Fernandez,kfernandezof@sohu.com,Indonesia,237.30.43.126
881,Paul,Andrews,pandrewsog@house.gov,Serbia,176.216.190.136
882,Walter,Ruiz,wruizoh@weibo.com,China,106.90.73.61
883,Samuel,Campbell,scampbelloi@storify.com,Philippines,48.238.209.254
884,Alan,Carroll,acarrolloj@engadget.com,China,183.108.25.37
885,Eugene,Foster,efosterok@vistaprint.com,China,92.151.161.57
886,Lisa,Ramirez,lramirezol@exblog.jp,Brazil,139.93.25.159
887,Jack,Robertson,jrobertsonom@sogou.com,Venezuela,158.138.108.80
888,Louise,Shaw,lshawon@cbslocal.com,Indonesia,113.142.231.12
889,Beverly,Russell,brusselloo@sciencedaily.com,China,62.173.151.66
890,Victor,Palmer,vpalmerop@123-reg.co.uk,Nigeria,169.127.228.165
891,Beverly,Murray,bmurrayoq@bbb.org,United States,198.76.116.115
892,Jane,Kelly,jkellyor@mayoclinic.com,Brazil,135.214.148.128
893,Amanda,Alexander,aalexanderos@shinystat.com,United States,12.176.140.138
894,Ryan,Reed,rreedot@toplist.cz,Philippines,35.19.243.68
895,Eugene,White,ewhiteou@nyu.edu,Finland,239.134.43.58
896,Ralph,Harrison,rharrisonov@nih.gov,France,231.71.230.86
897,Kathy,Holmes,kholmesow@nsw.gov.au,China,93.251.78.54
898,Gerald,Richards,grichardsox@google.fr,Portugal,125.170.114.4
899,Charles,George,cgeorgeoy@twitpic.com,United States,186.61.133.16
900,Raymond,Little,rlittleoz@deviantart.com,France,20.177.87.188
901,Keith,Bishop,kbishopp0@unicef.org,Georgia,181.47.139.240
902,Carl,Henderson,chendersonp1@icq.com,Mongolia,175.237.200.151
903,Rachel,Ramos,rramosp2@yale.edu,France,45.67.82.81
904,Russell,Reynolds,rreynoldsp3@zdnet.com,Haiti,241.181.7.6
905,Rachel,Clark,rclarkp4@dropbox.com,Brazil,203.41.44.128
906,Philip,Fisher,pfisherp5@icq.com,China,136.159.1.148
907,Rachel,Gibson,rgibsonp6@dmoz.org,Iceland,62.97.85.11
908,Bonnie,Castillo,bcastillop7@unblog.fr,China,234.251.194.183
909,Brian,Fernandez,bfernandezp8@mayoclinic.com,United States,7.219.136.34
910,Douglas,Stone,dstonep9@sbwire.com,China,30.189.251.230
911,Robert,Cole,rcolepa@craigslist.org,Latvia,13.166.220.47
912,Marie,Bradley,mbradleypb@i2i.jp,China,249.180.68.11
913,Steven,Washington,swashingtonpc@cyberchimps.com,Brazil,172.166.50.33
914,Diane,Wells,dwellspd@amazon.co.uk,Yemen,120.80.31.208
915,Lori,Jordan,ljordanpe@cdc.gov,Indonesia,248.52.96.167
916,Billy,Kim,bkimpf@ft.com,China,99.40.173.73
917,Wanda,Ramirez,wramirezpg@mapy.cz,Indonesia,230.227.196.226
918,Douglas,King,dkingph@zimbio.com,France,29.5.56.154
919,Ronald,Kelley,rkelleypi@state.gov,Syria,192.233.207.12
920,Russell,Stone,rstonepj@latimes.com,China,209.64.190.240
921,Kathryn,Hall,khallpk@icq.com,Honduras,160.85.202.170
922,Douglas,Hill,dhillpl@drupal.org,Philippines,107.168.185.239
923,Juan,Mitchell,jmitchellpm@odnoklassniki.ru,Indonesia,157.14.106.137
924,Linda,Bennett,lbennettpn@wired.com,Sierra Leone,32.81.127.239
925,Frances,Howard,fhowardpo@hugedomains.com,China,146.88.165.95
926,Jane,Anderson,jandersonpp@unesco.org,China,178.59.221.63
927,Joe,Robinson,jrobinsonpq@seesaa.net,Indonesia,218.103.185.125
928,Willie,Willis,wwillispr@posterous.com,Afghanistan,190.32.253.96
929,Katherine,Clark,kclarkps@ycombinator.com,Indonesia,191.3.104.147
930,Richard,Hill,rhillpt@businessinsider.com,El Salvador,110.111.14.161
931,Doris,Porter,dporterpu@hatena.ne.jp,Philippines,102.124.132.216
932,Lori,Chavez,lchavezpv@squarespace.com,Indonesia,183.110.203.92
933,Michael,Richardson,mrichardsonpw@desdev.cn,Uruguay,62.45.41.7
934,Pamela,Carroll,pcarrollpx@freewebs.com,Poland,17.220.88.171
935,Bobby,Washington,bwashingtonpy@imgur.com,Albania,39.96.111.129
936,Julie,Garcia,jgarciapz@tinyurl.com,Philippines,211.87.52.221
937,Joseph,Holmes,jholmesq0@gravatar.com,Ecuador,163.253.125.219
938,Paul,Hansen,phansenq1@behance.net,Philippines,247.153.175.57
939,Andrew,Anderson,aandersonq2@fda.gov,Philippines,89.44.51.61
940,Michael,Dunn,mdunnq3@mapquest.com,China,218.87.85.178
941,Maria,Grant,mgrantq4@bravesites.com,Portugal,150.243.206.145
942,Gary,Hamilton,ghamiltonq5@wikia.com,China,38.166.179.21
943,Roger,Howell,rhowellq6@engadget.com,Dominican Republic,228.172.145.122
944,Debra,Palmer,dpalmerq7@mozilla.com,Indonesia,31.135.122.119
945,Sean,Morris,smorrisq8@cnbc.com,Pakistan,142.124.241.197
946,Katherine,Peters,kpetersq9@ebay.co.uk,Portugal,181.160.61.147
947,Alice,Hall,ahallqa@apache.org,Brazil,193.161.134.202
948,Phyllis,Frazier,pfrazierqb@prlog.org,China,24.114.27.14
949,Aaron,Richards,arichardsqc@istockphoto.com,Bosnia and Herzegovina,99.121.68.174
950,Judy,Stone,jstoneqd@is.gd,Albania,183.209.197.65
951,Brian,Peters,bpetersqe@csmonitor.com,Philippines,151.45.19.103
952,Paul,Gilbert,pgilbertqf@weibo.com,Argentina,131.199.201.119
953,Todd,Cole,tcoleqg@vinaora.com,China,188.180.124.98
954,Maria,Carroll,mcarrollqh@fastcompany.com,Colombia,3.233.8.164
955,Thomas,Nelson,tnelsonqi@flickr.com,Indonesia,180.217.196.45
956,Charles,Gonzalez,cgonzalezqj@yolasite.com,Indonesia,148.27.6.108
957,George,Stanley,gstanleyqk@samsung.com,Czech Republic,134.18.171.123
958,Thomas,Ward,twardql@tuttocitta.it,China,221.64.100.171
959,Dorothy,Spencer,dspencerqm@usgs.gov,Bangladesh,28.164.221.37
960,Joan,Harrison,jharrisonqn@vinaora.com,Sweden,8.38.82.95
961,Stephen,Campbell,scampbellqo@netlog.com,Indonesia,126.118.83.152
962,Christina,Perez,cperezqp@jugem.jp,Canada,72.24.199.180
963,Russell,Meyer,rmeyerqq@amazon.de,China,95.233.85.195
964,Fred,Holmes,fholmesqr@technorati.com,Indonesia,25.157.20.0
965,Katherine,Fernandez,kfernandezqs@hao123.com,China,127.207.46.149
966,Heather,Sanchez,hsanchezqt@globo.com,Poland,167.192.207.86
967,Lillian,Matthews,lmatthewsqu@go.com,Japan,11.8.234.30
968,Louise,Fisher,lfisherqv@washingtonpost.com,Guatemala,164.131.4.138
969,Norma,Burton,nburtonqw@stanford.edu,Russia,168.138.47.188
970,Johnny,Alvarez,jalvarezqx@cocolog-nifty.com,Brazil,107.135.128.208
971,Kathy,Richardson,krichardsonqy@usa.gov,Indonesia,82.103.12.140
972,Denise,Welch,dwelchqz@nih.gov,Colombia,218.236.3.122
973,Ernest,Taylor,etaylorr0@foxnews.com,Chad,95.64.4.225
974,Sarah,Rivera,sriverar1@webmd.com,China,150.123.101.186
975,Jane,Collins,jcollinsr2@mediafire.com,Japan,111.87.139.99
976,Wanda,Jenkins,wjenkinsr3@phoca.cz,Indonesia,80.10.118.196
977,Brian,Ray,brayr4@washington.edu,Greece,216.224.37.101
978,Norma,Stone,nstoner5@berkeley.edu,China,180.137.176.17
979,Roger,Bennett,rbennettr6@un.org,Indonesia,188.43.133.121
980,Bobby,Price,bpricer7@omniture.com,Argentina,28.242.176.167
981,Paula,Banks,pbanksr8@123-reg.co.uk,China,157.163.143.138
982,Christine,Marshall,cmarshallr9@mit.edu,Philippines,195.205.126.234
983,Bonnie,Bennett,bbennettra@hatena.ne.jp,Colombia,188.91.153.243
984,Rebecca,Stevens,rstevensrb@ft.com,China,148.59.86.23
985,Patrick,Mason,pmasonrc@usnews.com,Poland,119.207.221.220
986,Ryan,Gonzales,rgonzalesrd@wsj.com,Finland,150.190.16.155
987,Lillian,Cruz,lcruzre@springer.com,Poland,5.25.171.175
988,Howard,Snyder,hsnyderrf@noaa.gov,Brazil,8.172.141.18
989,Matthew,Greene,mgreenerg@chronoengine.com,Colombia,136.200.241.151
990,Debra,Cox,dcoxrh@issuu.com,Czech Republic,248.181.127.80
991,Juan,Sanchez,jsanchezri@businessinsider.com,Philippines,244.197.205.101
992,David,Jenkins,djenkinsrj@weibo.com,Mexico,222.246.179.114
993,Nicholas,Kim,nkimrk@imageshack.us,Sweden,8.223.241.93
994,Lisa,Bailey,lbaileyrl@reuters.com,United States,115.6.92.1
995,Joan,Adams,jadamsrm@plala.or.jp,Philippines,53.93.147.240
996,Larry,Castillo,lcastillorn@mashable.com,United States,90.190.126.141
997,Tammy,Snyder,tsnyderro@whitehouse.gov,Portugal,129.128.144.134
998,Stephen,Hayes,shayesrp@hhs.gov,France,223.3.253.177
999,Jacqueline,Fowler,jfowlerrq@deviantart.com,China,247.230.14.167
1000,Ruby,Kim,rkimrr@newsvine.com,China,168.187.252.97
